<?xml version="1.0" encoding="UTF-8" standalone="yes"?>
<addon id="repository.mastaaa" name="Mastaaa's Repository" provider-name="Mastaaa" version="1.0">
    <extension point="xbmc.addon.repository" name="Mastaaa's Repository">
        <dir>
            <info compressed="false">https://mastaaa1987.github.io/repo/addons.xml</info>
            <checksum>https://mastaaa1987.github.io/repo/addons.xml.md5</checksum>
            <datadir zip="true">https://mastaaa1987.github.io/repo/</datadir>
        </dir>
        <dir>
			<info compressed="false">https://michaz1988.github.io/repo/addons.xml</info>
			<checksum>https://michaz1988.github.io/repo/addons.xml.md5</checksum>
			<datadir zip="true">https://michaz1988.github.io/repo/</datadir>
		</dir>
    </extension>
    <extension point="xbmc.addon.metadata">
        <platform>all</platform>
        <description lang="en">Addons by Mastaaa</description>
        <website>https://mastaaa1987.github.io</website>
        <assets>
            <icon>icon.png</icon>
        </assets> 
    </extension>
</addon>